Timestamp,ID Number
2023-01-12 17:35:28.947356,1
2023-01-12 17:35:28.947415,2
2023-01-12 17:35:28.947438,3
2023-01-12 17:35:28.947460,4
2023-01-12 17:35:28.947482,5
2023-01-12 17:35:28.947502,6
2023-01-12 17:35:28.947521,7
2023-01-12 17:35:28.947541,8
2023-01-12 17:35:28.947560,9
2023-01-12 17:35:28.947580,10
2023-01-12 17:35:28.947599,11
2023-01-12 17:35:28.947618,12
2023-01-12 17:35:28.947637,13
2023-01-12 17:35:28.947658,14
2023-01-12 17:35:28.947678,15
2023-01-12 17:35:28.947698,16
2023-01-12 17:35:28.947731,17
2023-01-12 17:35:28.947753,18
2023-01-12 17:35:28.947773,19
2023-01-12 17:35:28.947794,20
2023-01-12 17:35:28.947814,21
2023-01-12 17:35:28.947834,22
2023-01-12 17:35:28.947854,23
2023-01-12 17:35:28.947873,24
2023-01-12 17:35:28.947893,25
2023-01-12 17:35:28.947914,26
2023-01-12 17:35:28.947934,27
2023-01-12 17:35:28.947954,28
2023-01-12 17:35:28.947974,29
2023-01-12 17:35:28.947994,30
2023-01-12 17:35:28.948014,31
2023-01-12 17:35:28.948033,32
2023-01-12 17:35:28.948052,33
2023-01-12 17:35:28.948071,34
2023-01-12 17:35:28.948091,35
2023-01-12 17:35:28.948110,36
2023-01-12 17:35:28.948129,37
2023-01-12 17:35:28.948148,38
2023-01-12 17:35:28.948168,39
2023-01-12 17:35:28.948187,40
2023-01-12 17:35:28.948207,41
2023-01-12 17:35:28.948226,42
2023-01-12 17:35:28.948246,43
2023-01-12 17:35:28.948266,44
2023-01-12 17:35:28.948285,45
2023-01-12 17:35:28.948304,46
2023-01-12 17:35:28.948323,47
2023-01-12 17:35:28.948342,48
2023-01-12 17:35:28.948362,49
2023-01-12 17:35:28.948381,50
2023-01-12 17:35:28.948401,51
2023-01-12 17:35:28.948421,52
2023-01-12 17:35:28.948441,53
2023-01-12 17:35:28.948461,54
2023-01-12 17:35:28.948481,55
2023-01-12 17:35:28.948502,56
2023-01-12 17:35:28.948523,57
2023-01-12 17:35:28.948551,58
2023-01-12 17:35:28.948572,59
2023-01-12 17:35:28.948592,60
2023-01-12 17:35:28.948611,61
2023-01-12 17:35:28.948631,62
2023-01-12 17:35:28.948650,63
2023-01-12 17:35:28.948670,64
2023-01-12 17:35:28.948690,65
2023-01-12 17:35:28.948709,66
2023-01-12 17:35:28.948730,67
2023-01-12 17:35:28.948757,68
2023-01-12 17:35:28.948778,69
2023-01-12 17:35:28.948798,70
2023-01-12 17:35:28.948818,71
2023-01-12 17:35:28.948845,72
2023-01-12 17:35:28.948872,73
2023-01-12 17:35:28.948893,74
2023-01-12 17:35:28.948913,75
2023-01-12 17:35:28.948932,76
2023-01-12 17:35:28.948952,77
2023-01-12 17:35:28.948974,78
2023-01-12 17:35:28.948994,79
2023-01-12 17:35:28.949014,80
2023-01-12 17:35:28.949073,81
2023-01-12 17:35:28.949095,82
2023-01-12 17:35:28.949116,83
2023-01-12 17:35:28.949135,84
2023-01-12 17:35:28.949155,85
2023-01-12 17:35:28.949174,86
2023-01-12 17:35:28.949192,87
2023-01-12 17:35:28.949211,88
2023-01-12 17:35:28.949231,89
2023-01-12 17:35:28.949250,90
2023-01-12 17:35:28.949268,91
2023-01-12 17:35:28.949287,92
2023-01-12 17:35:28.949307,93
2023-01-12 17:35:28.949328,94
2023-01-12 17:35:28.949348,95
2023-01-12 17:35:28.949368,96
2023-01-12 17:35:28.949388,97
2023-01-12 17:35:28.949409,98
2023-01-12 17:35:28.949438,99
2023-01-12 17:35:28.949462,100
2023-01-12 17:35:28.949494,101
2023-01-12 17:35:28.949533,102
2023-01-12 17:35:28.949550,103
2023-01-12 17:35:28.949566,104
2023-01-12 17:35:28.949584,105
2023-01-12 17:35:28.949600,106
2023-01-12 17:35:28.949617,107
2023-01-12 17:35:28.949642,108
2023-01-12 17:35:28.949660,109
2023-01-12 17:35:28.949679,110
2023-01-12 17:35:28.949696,111
2023-01-12 17:35:28.949713,112
2023-01-12 17:35:28.949730,113
2023-01-12 17:35:28.949747,114
2023-01-12 17:35:28.949763,115
2023-01-12 17:35:28.949780,116
2023-01-12 17:35:28.949798,117
2023-01-12 17:35:28.949814,118
2023-01-12 17:35:28.949831,119
2023-01-12 17:35:28.949848,120
2023-01-12 17:35:28.949866,121
2023-01-12 17:35:28.949884,122
2023-01-12 17:35:28.949902,123
2023-01-12 17:35:28.949918,124
2023-01-12 17:35:28.949935,125
2023-01-12 17:35:28.949952,126
2023-01-12 17:35:28.949968,127
2023-01-12 17:35:28.950014,128
2023-01-12 17:35:28.950030,129
2023-01-12 17:35:28.950052,130
2023-01-12 17:35:28.950068,131
2023-01-12 17:35:28.950083,132
2023-01-12 17:35:28.950099,133
2023-01-12 17:35:28.950113,134
2023-01-12 17:35:28.950128,135
2023-01-12 17:35:28.950144,136
2023-01-12 17:35:28.950160,137
2023-01-12 17:35:28.950175,138
2023-01-12 17:35:28.950190,139
2023-01-12 17:35:28.950205,140
2023-01-12 17:35:28.950220,141
2023-01-12 17:35:28.950235,142
2023-01-12 17:35:28.950250,143
2023-01-12 17:35:28.950265,144
2023-01-12 17:35:28.950280,145
2023-01-12 17:35:28.950295,146
2023-01-12 17:35:28.950310,147
2023-01-12 17:35:28.950325,148
2023-01-12 17:35:28.950340,149
2023-01-12 17:35:28.950361,150
2023-01-12 17:35:28.950379,151
2023-01-12 17:35:28.950394,152
2023-01-12 17:35:28.950409,153
2023-01-12 17:35:28.950424,154
2023-01-12 17:35:28.950440,155
2023-01-12 17:35:28.950455,156
2023-01-12 17:35:28.950470,157
2023-01-12 17:35:28.950490,158
2023-01-12 17:35:28.950505,159
2023-01-12 17:35:28.950520,160
2023-01-12 17:35:28.950564,161
2023-01-12 17:35:28.950582,162
2023-01-12 17:35:28.950597,163
2023-01-12 17:35:28.950613,164
2023-01-12 17:35:28.950628,165
2023-01-12 17:35:28.950643,166
2023-01-12 17:35:28.950657,167
2023-01-12 17:35:28.950672,168
2023-01-12 17:35:28.950687,169
2023-01-12 17:35:28.950702,170
2023-01-12 17:35:28.950717,171
2023-01-12 17:35:28.950732,172
2023-01-12 17:35:28.950748,173
2023-01-12 17:35:28.950764,174
2023-01-12 17:35:28.950779,175
2023-01-12 17:35:28.950795,176
2023-01-12 17:35:28.950811,177
2023-01-12 17:35:28.950826,178
2023-01-12 17:35:28.950841,179
2023-01-12 17:35:28.950856,180
2023-01-12 17:35:28.950872,181
2023-01-12 17:35:28.950887,182
2023-01-12 17:35:28.950903,183
2023-01-12 17:35:28.950918,184
2023-01-12 17:35:28.950933,185
2023-01-12 17:35:28.950949,186
2023-01-12 17:35:28.950964,187
2023-01-12 17:35:28.950979,188
2023-01-12 17:35:28.950994,189
2023-01-12 17:35:28.951009,190
2023-01-12 17:35:28.951024,191
2023-01-12 17:35:28.951039,192
2023-01-12 17:35:28.951059,193
2023-01-12 17:35:28.951075,194
2023-01-12 17:35:28.951090,195
2023-01-12 17:35:28.951104,196
2023-01-12 17:35:28.951120,197
2023-01-12 17:35:28.951134,198
2023-01-12 17:35:28.951149,199
2023-01-12 17:35:28.951164,200
2023-01-12 17:35:28.951180,201
2023-01-12 17:35:28.951195,202
2023-01-12 17:35:28.951210,203
2023-01-12 17:35:28.951225,204
2023-01-12 17:35:28.951240,205
2023-01-12 17:35:28.951254,206
2023-01-12 17:35:28.951269,207
2023-01-12 17:35:28.951289,208
2023-01-12 17:35:28.951304,209
2023-01-12 17:35:28.951319,210
2023-01-12 17:35:28.951334,211
2023-01-12 17:35:28.951349,212
2023-01-12 17:35:28.951364,213
2023-01-12 17:35:28.951378,214
2023-01-12 17:35:28.951393,215
2023-01-12 17:35:28.951408,216
2023-01-12 17:35:28.951424,217
2023-01-12 17:35:28.951439,218
2023-01-12 17:35:28.951454,219
2023-01-12 17:35:28.951469,220
2023-01-12 17:35:28.951484,221
2023-01-12 17:35:28.951498,222
2023-01-12 17:35:28.951513,223
2023-01-12 17:35:28.951528,224
2023-01-12 17:35:28.951547,225
2023-01-12 17:35:28.951563,226
2023-01-12 17:35:28.951578,227
2023-01-12 17:35:28.951593,228
2023-01-12 17:35:28.951609,229
2023-01-12 17:35:28.951624,230
2023-01-12 17:35:28.951639,231
2023-01-12 17:35:28.951654,232
2023-01-12 17:35:28.951670,233
2023-01-12 17:35:28.951685,234
2023-01-12 17:35:28.951700,235
2023-01-12 17:35:28.951715,236
2023-01-12 17:35:28.951731,237
2023-01-12 17:35:28.951751,238
2023-01-12 17:35:28.951767,239
2023-01-12 17:35:28.951782,240
2023-01-12 17:35:28.951817,241
2023-01-12 17:35:28.951833,242
2023-01-12 17:35:28.951848,243
2023-01-12 17:35:28.951863,244
2023-01-12 17:35:28.951878,245
2023-01-12 17:35:28.951892,246
2023-01-12 17:35:28.951907,247
2023-01-12 17:35:28.951922,248
2023-01-12 17:35:28.951937,249
2023-01-12 17:35:28.951952,250
2023-01-12 17:35:28.951966,251
2023-01-12 17:35:28.951981,252
2023-01-12 17:35:28.951996,253
2023-01-12 17:35:28.952011,254
2023-01-12 17:35:28.952027,255
2023-01-12 17:35:28.952047,256
2023-01-12 17:35:28.952064,257
2023-01-12 17:35:28.952085,258
2023-01-12 17:35:28.952101,259
2023-01-12 17:35:28.952116,260
2023-01-12 17:35:28.952132,261
2023-01-12 17:35:28.952148,262
2023-01-12 17:35:28.952163,263
2023-01-12 17:35:28.952178,264
2023-01-12 17:35:28.952194,265
2023-01-12 17:35:28.952209,266
2023-01-12 17:35:28.952224,267
2023-01-12 17:35:28.952240,268
2023-01-12 17:35:28.952255,269
2023-01-12 17:35:28.952270,270
2023-01-12 17:35:28.952285,271
2023-01-12 17:35:28.952299,272
2023-01-12 17:35:28.952314,273
2023-01-12 17:35:28.952329,274
2023-01-12 17:35:28.952344,275
2023-01-12 17:35:28.952358,276
2023-01-12 17:35:28.952373,277
2023-01-12 17:35:28.952388,278
2023-01-12 17:35:28.952403,279
2023-01-12 17:35:28.952417,280
2023-01-12 17:35:28.952433,281
2023-01-12 17:35:28.952448,282
2023-01-12 17:35:28.952463,283
2023-01-12 17:35:28.952478,284
2023-01-12 17:35:28.952493,285
2023-01-12 17:35:28.952508,286
2023-01-12 17:35:28.952523,287
2023-01-12 17:35:28.952543,288
2023-01-12 17:35:28.952559,289
2023-01-12 17:35:28.952574,290
2023-01-12 17:35:28.952589,291
2023-01-12 17:35:28.952604,292
2023-01-12 17:35:28.952619,293
2023-01-12 17:35:28.952635,294
2023-01-12 17:35:28.952674,295
2023-01-12 17:35:28.952759,296
2023-01-12 17:35:28.952831,297
2023-01-12 17:35:28.952856,298
2023-01-12 17:35:28.952872,299
2023-01-12 17:35:28.952887,300
2023-01-12 17:35:28.952902,301
2023-01-12 17:35:28.952917,302
2023-01-12 17:35:28.952931,303
2023-01-12 17:35:28.952946,304
2023-01-12 17:35:28.952961,305
2023-01-12 17:35:28.952976,306
2023-01-12 17:35:28.952996,307
2023-01-12 17:35:28.953029,308
2023-01-12 17:35:28.953042,309
2023-01-12 17:35:28.953063,310
2023-01-12 17:35:28.953079,311
2023-01-12 17:35:28.953092,312
2023-01-12 17:35:28.953105,313
2023-01-12 17:35:28.953117,314
2023-01-12 17:35:28.953129,315
2023-01-12 17:35:28.953142,316
2023-01-12 17:35:28.953154,317
2023-01-12 17:35:28.953166,318
2023-01-12 17:35:28.953182,319
2023-01-12 17:35:28.953196,320
2023-01-12 17:35:28.953227,321
2023-01-12 17:35:28.953241,322
2023-01-12 17:35:28.953254,323
2023-01-12 17:35:28.953266,324
2023-01-12 17:35:28.953282,325
2023-01-12 17:35:28.953294,326
2023-01-12 17:35:28.953306,327
2023-01-12 17:35:28.953320,328
2023-01-12 17:35:28.953333,329
2023-01-12 17:35:28.953345,330
2023-01-12 17:35:28.953357,331
2023-01-12 17:35:28.953368,332
2023-01-12 17:35:28.953381,333
2023-01-12 17:35:28.953394,334
2023-01-12 17:35:28.953406,335
2023-01-12 17:35:28.953419,336
2023-01-12 17:35:28.953432,337
2023-01-12 17:35:28.953444,338
2023-01-12 17:35:28.953456,339
2023-01-12 17:35:28.953469,340
2023-01-12 17:35:28.953481,341
2023-01-12 17:35:28.953494,342
2023-01-12 17:35:28.953507,343
2023-01-12 17:35:28.953519,344
2023-01-12 17:35:28.953533,345
2023-01-12 17:35:28.953546,346
2023-01-12 17:35:28.953558,347
2023-01-12 17:35:28.953571,348
2023-01-12 17:35:28.953583,349
2023-01-12 17:35:28.953595,350
2023-01-12 17:35:28.953612,351
2023-01-12 17:35:28.953625,352
2023-01-12 17:35:28.953638,353
2023-01-12 17:35:28.953651,354
2023-01-12 17:35:28.953664,355
2023-01-12 17:35:28.953676,356
2023-01-12 17:35:28.953688,357
2023-01-12 17:35:28.953703,358
2023-01-12 17:35:28.953716,359
2023-01-12 17:35:28.953728,360
2023-01-12 17:35:28.953741,361
2023-01-12 17:35:28.953753,362
2023-01-12 17:35:28.953765,363
2023-01-12 17:35:28.953778,364
2023-01-12 17:35:28.953790,365
2023-01-12 17:35:28.953802,366
2023-01-12 17:35:28.953814,367
2023-01-12 17:35:28.953826,368
2023-01-12 17:35:28.953838,369
2023-01-12 17:35:28.953850,370
2023-01-12 17:35:28.953862,371
2023-01-12 17:35:28.953875,372
2023-01-12 17:35:28.953887,373
2023-01-12 17:35:28.953899,374
2023-01-12 17:35:28.953912,375
2023-01-12 17:35:28.953924,376
2023-01-12 17:35:28.953937,377
2023-01-12 17:35:28.953949,378
2023-01-12 17:35:28.953961,379
2023-01-12 17:35:28.953973,380
2023-01-12 17:35:28.953986,381
2023-01-12 17:35:28.954009,382
2023-01-12 17:35:28.954023,383
2023-01-12 17:35:28.954035,384
2023-01-12 17:35:28.954048,385
2023-01-12 17:35:28.954060,386
2023-01-12 17:35:28.954072,387
2023-01-12 17:35:28.954084,388
2023-01-12 17:35:28.954096,389
2023-01-12 17:35:28.954109,390
2023-01-12 17:35:28.954121,391
2023-01-12 17:35:28.954134,392
2023-01-12 17:35:28.954146,393
2023-01-12 17:35:28.954158,394
2023-01-12 17:35:28.954170,395
2023-01-12 17:35:28.954182,396
2023-01-12 17:35:28.954195,397
2023-01-12 17:35:28.954207,398
2023-01-12 17:35:28.954219,399
2023-01-12 17:35:28.954231,400
2023-01-12 17:35:28.954259,401
2023-01-12 17:35:28.954273,402
2023-01-12 17:35:28.954285,403
2023-01-12 17:35:28.954298,404
2023-01-12 17:35:28.954310,405
2023-01-12 17:35:28.954325,406
2023-01-12 17:35:28.954338,407
2023-01-12 17:35:28.954350,408
2023-01-12 17:35:28.954362,409
2023-01-12 17:35:28.954374,410
2023-01-12 17:35:28.954386,411
2023-01-12 17:35:28.954398,412
2023-01-12 17:35:28.954410,413
2023-01-12 17:35:28.954426,414
2023-01-12 17:35:28.954439,415
2023-01-12 17:35:28.954452,416
2023-01-12 17:35:28.954465,417
2023-01-12 17:35:28.954477,418
2023-01-12 17:35:28.954490,419
2023-01-12 17:35:28.954502,420
2023-01-12 17:35:28.954515,421
2023-01-12 17:35:28.954527,422
2023-01-12 17:35:28.954540,423
2023-01-12 17:35:28.954552,424
2023-01-12 17:35:28.954565,425
2023-01-12 17:35:28.954577,426
2023-01-12 17:35:28.954590,427
2023-01-12 17:35:28.954602,428
2023-01-12 17:35:28.954615,429
2023-01-12 17:35:28.954627,430
2023-01-12 17:35:28.954639,431
2023-01-12 17:35:28.954651,432
2023-01-12 17:35:28.954664,433
2023-01-12 17:35:28.954676,434
2023-01-12 17:35:28.954688,435
2023-01-12 17:35:28.954700,436
2023-01-12 17:35:28.954712,437
2023-01-12 17:35:28.954724,438
2023-01-12 17:35:28.954736,439
2023-01-12 17:35:28.954748,440
2023-01-12 17:35:28.954761,441
2023-01-12 17:35:28.954773,442
2023-01-12 17:35:28.954785,443
2023-01-12 17:35:28.954797,444
2023-01-12 17:35:28.954813,445
2023-01-12 17:35:28.954826,446
2023-01-12 17:35:28.954838,447
2023-01-12 17:35:28.954850,448
2023-01-12 17:35:28.954862,449
2023-01-12 17:35:28.954874,450
2023-01-12 17:35:28.954887,451
2023-01-12 17:35:28.954899,452
2023-01-12 17:35:28.954911,453
2023-01-12 17:35:28.954923,454
2023-01-12 17:35:28.954935,455
2023-01-12 17:35:28.954947,456
2023-01-12 17:35:28.954960,457
2023-01-12 17:35:28.954976,458
2023-01-12 17:35:28.954989,459
2023-01-12 17:35:28.955001,460
2023-01-12 17:35:28.955013,461
2023-01-12 17:35:28.955026,462
2023-01-12 17:35:28.955038,463
2023-01-12 17:35:28.955050,464
2023-01-12 17:35:28.955062,465
2023-01-12 17:35:28.955074,466
2023-01-12 17:35:28.955087,467
2023-01-12 17:35:28.955099,468
2023-01-12 17:35:28.955111,469
2023-01-12 17:35:28.955124,470
2023-01-12 17:35:28.955139,471
2023-01-12 17:35:28.955152,472
2023-01-12 17:35:28.955165,473
2023-01-12 17:35:28.955177,474
2023-01-12 17:35:28.955189,475
2023-01-12 17:35:28.955202,476
2023-01-12 17:35:28.955217,477
2023-01-12 17:35:28.955230,478
2023-01-12 17:35:28.955242,479
2023-01-12 17:35:28.955254,480
2023-01-12 17:35:28.955281,481
2023-01-12 17:35:28.955294,482
2023-01-12 17:35:28.955306,483
2023-01-12 17:35:28.955318,484
2023-01-12 17:35:28.955330,485
2023-01-12 17:35:28.955346,486
2023-01-12 17:35:28.955359,487
2023-01-12 17:35:28.955370,488
2023-01-12 17:35:28.955382,489
2023-01-12 17:35:28.955395,490
2023-01-12 17:35:28.955407,491
2023-01-12 17:35:28.955419,492
2023-01-12 17:35:28.955431,493
2023-01-12 17:35:28.955444,494
2023-01-12 17:35:28.955456,495
2023-01-12 17:35:28.955469,496
2023-01-12 17:35:28.955482,497
2023-01-12 17:35:28.955494,498
2023-01-12 17:35:28.955507,499
2023-01-12 17:35:28.955519,500
2023-01-12 17:35:28.955532,501
2023-01-12 17:35:28.955544,502
2023-01-12 17:35:28.955557,503
2023-01-12 17:35:28.955570,504
2023-01-12 17:35:28.955582,505
2023-01-12 17:35:28.955594,506
2023-01-12 17:35:28.955607,507
2023-01-12 17:35:28.955626,508
2023-01-12 17:35:28.955640,509
2023-01-12 17:35:28.955652,510
2023-01-12 17:35:28.955664,511
2023-01-12 17:35:28.955676,512
2023-01-12 17:35:28.955691,513
2023-01-12 17:35:28.955704,514
2023-01-12 17:35:28.955716,515
2023-01-12 17:35:28.955728,516
2023-01-12 17:35:28.955740,517
2023-01-12 17:35:28.955752,518
2023-01-12 17:35:28.955764,519
2023-01-12 17:35:28.955776,520
2023-01-12 17:35:28.955788,521
2023-01-12 17:35:28.955801,522
2023-01-12 17:35:28.955814,523
2023-01-12 17:35:28.955826,524
2023-01-12 17:35:28.955838,525
2023-01-12 17:35:28.955850,526
2023-01-12 17:35:28.955862,527
2023-01-12 17:35:28.955874,528
2023-01-12 17:35:28.955886,529
2023-01-12 17:35:28.955898,530
2023-01-12 17:35:28.955910,531
2023-01-12 17:35:28.955922,532
2023-01-12 17:35:28.955934,533
2023-01-12 17:35:28.955946,534
2023-01-12 17:35:28.955958,535
2023-01-12 17:35:28.955970,536
2023-01-12 17:35:28.955982,537
2023-01-12 17:35:28.955994,538
2023-01-12 17:35:28.956006,539
2023-01-12 17:35:28.956022,540
2023-01-12 17:35:28.956034,541
2023-01-12 17:35:28.956046,542
2023-01-12 17:35:28.956058,543
2023-01-12 17:35:28.956070,544
2023-01-12 17:35:28.956082,545
2023-01-12 17:35:28.956094,546
2023-01-12 17:35:28.956106,547
2023-01-12 17:35:28.956118,548
2023-01-12 17:35:28.956130,549
2023-01-12 17:35:28.956143,550
2023-01-12 17:35:28.956158,551
2023-01-12 17:35:28.956171,552
2023-01-12 17:35:28.956183,553
2023-01-12 17:35:28.956195,554
2023-01-12 17:35:28.956207,555
2023-01-12 17:35:28.956219,556
2023-01-12 17:35:28.956231,557
2023-01-12 17:35:28.956247,558
2023-01-12 17:35:28.956259,559
2023-01-12 17:35:28.956271,560
2023-01-12 17:35:28.956298,561
2023-01-12 17:35:28.956311,562
2023-01-12 17:35:28.956323,563
2023-01-12 17:35:28.956335,564
2023-01-12 17:35:28.956347,565
2023-01-12 17:35:28.956361,566
2023-01-12 17:35:28.956374,567
2023-01-12 17:35:28.956386,568
2023-01-12 17:35:28.956398,569
2023-01-12 17:35:28.956409,570
2023-01-12 17:35:28.956421,571
2023-01-12 17:35:28.956433,572
2023-01-12 17:35:28.956445,573
2023-01-12 17:35:28.956457,574
2023-01-12 17:35:28.956470,575
2023-01-12 17:35:28.956482,576
2023-01-12 17:35:28.956573,577
2023-01-12 17:35:28.956587,578
2023-01-12 17:35:28.956599,579
2023-01-12 17:35:28.956612,580
2023-01-12 17:35:28.956624,581
2023-01-12 17:35:28.956637,582
2023-01-12 17:35:28.956649,583
2023-01-12 17:35:28.956662,584
2023-01-12 17:35:28.956674,585
2023-01-12 17:35:28.956687,586
2023-01-12 17:35:28.956699,587
2023-01-12 17:35:28.956712,588
2023-01-12 17:35:28.956724,589
2023-01-12 17:35:28.956736,590
2023-01-12 17:35:28.956748,591
2023-01-12 17:35:28.956760,592
2023-01-12 17:35:28.956772,593
2023-01-12 17:35:28.956790,594
2023-01-12 17:35:28.956803,595
2023-01-12 17:35:28.956815,596
2023-01-12 17:35:28.956827,597
2023-01-12 17:35:28.956839,598
2023-01-12 17:35:28.956852,599
2023-01-12 17:35:28.956864,600
2023-01-12 17:35:28.956876,601
2023-01-12 17:35:28.956888,602
2023-01-12 17:35:28.956908,603
2023-01-12 17:35:28.956921,604
2023-01-12 17:35:28.956933,605
2023-01-12 17:35:28.956945,606
2023-01-12 17:35:28.956957,607
2023-01-12 17:35:28.956978,608
2023-01-12 17:35:28.956991,609
2023-01-12 17:35:28.957003,610
2023-01-12 17:35:28.957015,611
2023-01-12 17:35:28.957028,612
2023-01-12 17:35:28.957040,613
2023-01-12 17:35:28.957052,614
2023-01-12 17:35:28.957064,615
2023-01-12 17:35:28.957077,616
2023-01-12 17:35:28.957089,617
2023-01-12 17:35:28.957102,618
2023-01-12 17:35:28.957114,619
2023-01-12 17:35:28.957126,620
2023-01-12 17:35:28.957138,621
2023-01-12 17:35:28.957151,622
2023-01-12 17:35:28.957163,623
2023-01-12 17:35:28.957175,624
2023-01-12 17:35:28.957188,625
2023-01-12 17:35:28.957200,626
2023-01-12 17:35:28.957212,627
2023-01-12 17:35:28.957224,628
2023-01-12 17:35:28.957237,629
2023-01-12 17:35:28.957249,630
2023-01-12 17:35:28.957261,631
2023-01-12 17:35:28.957274,632
2023-01-12 17:35:28.957286,633
2023-01-12 17:35:28.957301,634
2023-01-12 17:35:28.957314,635
2023-01-12 17:35:28.957327,636
2023-01-12 17:35:28.957339,637
2023-01-12 17:35:28.957352,638
2023-01-12 17:35:28.957425,639
2023-01-12 17:35:28.957455,640
2023-01-12 17:35:28.957495,641
2023-01-12 17:35:28.957525,642
2023-01-12 17:35:28.957537,643
2023-01-12 17:35:28.957549,644
2023-01-12 17:35:28.957560,645
2023-01-12 17:35:28.957577,646
2023-01-12 17:35:28.957590,647
2023-01-12 17:35:28.957601,648
2023-01-12 17:35:28.957613,649
2023-01-12 17:35:28.957624,650
2023-01-12 17:35:28.957635,651
2023-01-12 17:35:28.957646,652
2023-01-12 17:35:28.957658,653
2023-01-12 17:35:28.957670,654
2023-01-12 17:35:28.957696,655
2023-01-12 17:35:28.957707,656
2023-01-12 17:35:28.957719,657
2023-01-12 17:35:28.957730,658
2023-01-12 17:35:28.957741,659
2023-01-12 17:35:28.957753,660
2023-01-12 17:35:28.957764,661
2023-01-12 17:35:28.957775,662
2023-01-12 17:35:28.957786,663
2023-01-12 17:35:28.957797,664
2023-01-12 17:35:28.957809,665
2023-01-12 17:35:28.957824,666
2023-01-12 17:35:28.957836,667
2023-01-12 17:35:28.957848,668
2023-01-12 17:35:28.957859,669
2023-01-12 17:35:28.957870,670
2023-01-12 17:35:28.957881,671
2023-01-12 17:35:28.957892,672
2023-01-12 17:35:28.957903,673
2023-01-12 17:35:28.957914,674
2023-01-12 17:35:28.957925,675
2023-01-12 17:35:28.957936,676
2023-01-12 17:35:28.957947,677
2023-01-12 17:35:28.957957,678
2023-01-12 17:35:28.957968,679
2023-01-12 17:35:28.957979,680
2023-01-12 17:35:28.957990,681
2023-01-12 17:35:28.958001,682
2023-01-12 17:35:28.958012,683
2023-01-12 17:35:28.958023,684
2023-01-12 17:35:28.958033,685
2023-01-12 17:35:28.958044,686
2023-01-12 17:35:28.958055,687
2023-01-12 17:35:28.958065,688
2023-01-12 17:35:28.958076,689
2023-01-12 17:35:28.958087,690
2023-01-12 17:35:28.958098,691
2023-01-12 17:35:28.958108,692
2023-01-12 17:35:28.958119,693
2023-01-12 17:35:28.958130,694
2023-01-12 17:35:28.958141,695
2023-01-12 17:35:28.958152,696
2023-01-12 17:35:28.958166,697
2023-01-12 17:35:28.958178,698
2023-01-12 17:35:28.958190,699
2023-01-12 17:35:28.958201,700
2023-01-12 17:35:28.958212,701
2023-01-12 17:35:28.958222,702
2023-01-12 17:35:28.958234,703
2023-01-12 17:35:28.958244,704
2023-01-12 17:35:28.958255,705
2023-01-12 17:35:28.958266,706
2023-01-12 17:35:28.958277,707
2023-01-12 17:35:28.958291,708
2023-01-12 17:35:28.958302,709
2023-01-12 17:35:28.958313,710
2023-01-12 17:35:28.958325,711
2023-01-12 17:35:28.958335,712
2023-01-12 17:35:28.958346,713
2023-01-12 17:35:28.958357,714
2023-01-12 17:35:28.958368,715
2023-01-12 17:35:28.958379,716
2023-01-12 17:35:28.958390,717
2023-01-12 17:35:28.958400,718
2023-01-12 17:35:28.958411,719
2023-01-12 17:35:28.958422,720
2023-01-12 17:35:28.958449,721
2023-01-12 17:35:28.958461,722
2023-01-12 17:35:28.958472,723
2023-01-12 17:35:28.958483,724
2023-01-12 17:35:28.958494,725
2023-01-12 17:35:28.958507,726
2023-01-12 17:35:28.958518,727
2023-01-12 17:35:28.958529,728
2023-01-12 17:35:28.958540,729
2023-01-12 17:35:28.958551,730
2023-01-12 17:35:28.958562,731
2023-01-12 17:35:28.958572,732
2023-01-12 17:35:28.958583,733
2023-01-12 17:35:28.958594,734
2023-01-12 17:35:28.958605,735
2023-01-12 17:35:28.958617,736
2023-01-12 17:35:28.958628,737
2023-01-12 17:35:28.958639,738
2023-01-12 17:35:28.958650,739
2023-01-12 17:35:28.958661,740
2023-01-12 17:35:28.958672,741
2023-01-12 17:35:28.958683,742
2023-01-12 17:35:28.958695,743
2023-01-12 17:35:28.958710,744
2023-01-12 17:35:28.958722,745
2023-01-12 17:35:28.958733,746
2023-01-12 17:35:28.958744,747
2023-01-12 17:35:28.958755,748
2023-01-12 17:35:28.958766,749
2023-01-12 17:35:28.958777,750
2023-01-12 17:35:28.958787,751
2023-01-12 17:35:28.958798,752
2023-01-12 17:35:28.958809,753
2023-01-12 17:35:28.958819,754
2023-01-12 17:35:28.958830,755
2023-01-12 17:35:28.958841,756
2023-01-12 17:35:28.958851,757
2023-01-12 17:35:28.958866,758
2023-01-12 17:35:28.958877,759
2023-01-12 17:35:28.958891,760
2023-01-12 17:35:28.958903,761
2023-01-12 17:35:28.958914,762
2023-01-12 17:35:28.958925,763
2023-01-12 17:35:28.958936,764
2023-01-12 17:35:28.958947,765
2023-01-12 17:35:28.958958,766
2023-01-12 17:35:28.958969,767
2023-01-12 17:35:28.958980,768
2023-01-12 17:35:28.958991,769
2023-01-12 17:35:28.959001,770
2023-01-12 17:35:28.959012,771
2023-01-12 17:35:28.959023,772
2023-01-12 17:35:28.959034,773
2023-01-12 17:35:28.959045,774
2023-01-12 17:35:28.959056,775
2023-01-12 17:35:28.959067,776
2023-01-12 17:35:28.959078,777
2023-01-12 17:35:28.959089,778
2023-01-12 17:35:28.959099,779
2023-01-12 17:35:28.959110,780
2023-01-12 17:35:28.959121,781
2023-01-12 17:35:28.959132,782
2023-01-12 17:35:28.959142,783
2023-01-12 17:35:28.959153,784
2023-01-12 17:35:28.959164,785
2023-01-12 17:35:28.959175,786
2023-01-12 17:35:28.959185,787
2023-01-12 17:35:28.959196,788
2023-01-12 17:35:28.959207,789
2023-01-12 17:35:28.959218,790
2023-01-12 17:35:28.959229,791
2023-01-12 17:35:28.959244,792
2023-01-12 17:35:28.959255,793
2023-01-12 17:35:28.959266,794
2023-01-12 17:35:28.959277,795
2023-01-12 17:35:28.959288,796
2023-01-12 17:35:28.959299,797
2023-01-12 17:35:28.959310,798
2023-01-12 17:35:28.959320,799
2023-01-12 17:35:28.959331,800
